,BME280_Humidity,BME280_Pressure,BME280_Temp,DS18B20_Temp,Date,Intensity,Spinach_Area,Potato_Area,Valid
0,66.7,900.24,15.74,10.06,2019-10-26 07:25:58,155.0,0,0,0
1,66.72,900.29,15.74,10.88,2019-10-26 07:25:59,215.0,0,0,0
2,66.55,900.4,16.02,10.94,2019-10-26 07:41:07,215.0,0,0,0
3,66.1,900.59,16.6,11.44,2019-10-26 07:56:14,280.0,0,0,0
4,65.65,900.51,17.04,12.25,2019-10-26 08:11:21,431.0,0,0,0
5,64.49,900.51,18.28,13.12,2019-10-26 08:26:28,700.0,0,0,0
6,63.62,900.78,19.22,13.19,2019-10-26 08:41:36,1024.0,0,0,0
7,62.92,900.85,20.22,14.25,2019-10-26 08:56:43,1126.0,0,0,0
8,61.86,900.97,20.94,15.12,2019-10-26 09:11:50,1369.0,0,0,0
9,61.1,900.95,21.94,16.19,2019-10-26 09:26:57,1509.0,0,0,0
10,59.68,900.95,23.26,16.75,2019-10-26 09:42:05,1695.0,0,0,0
11,53.02,900.56,29.08,22.31,2019-10-26 10:40:11,2664.0,0,0,0
12,53.02,900.56,29.1,21.94,2019-10-26 10:40:12,7315.0,0,0,0
13,46.64,900.4,34.8,24.19,2019-10-26 10:55:19,7320.0,0,0,0
14,44.91,900.15,37.15,23.69,2019-10-26 11:10:27,6793.0,0,0,0
15,44.29,899.92,38.04,25.56,2019-10-26 11:25:34,6691.0,0,0,0
16,43.23,899.69,39.25,26.25,2019-10-26 11:40:41,6645.0,0,0,0
17,43.5,899.55,39.35,25.06,2019-10-26 11:55:48,6382.0,0,0,0
18,44.27,899.5,38.5,24.38,2019-10-26 12:10:56,5925.0,0,0,0
19,44.94,899.38,38.15,23.62,2019-10-26 12:26:03,6240.0,0,0,0
20,49.21,899.26,34.41,21.06,2019-10-26 12:41:10,6290.0,0,0,0
21,53.1,899.03,31.3,23.12,2019-10-26 12:56:18,2450.0,0,0,0
22,54.0,898.84,30.25,23.62,2019-10-26 13:11:25,2011.0,126,890,1
23,54.04,898.64,30.02,23.62,2019-10-26 13:26:32,1797.0,398,1413,1
24,53.66,898.4,29.86,23.19,2019-10-26 13:41:39,1694.0,244,962,1
25,53.5,898.2,29.96,23.25,2019-10-26 13:56:47,1614.0,1159,2538,1
26,53.42,898.04,29.93,22.81,2019-10-26 14:11:54,1512.0,324,2880,1
27,53.56,897.88,29.68,23.0,2019-10-26 14:27:01,1354.0,133,1645,1
28,53.77,897.87,29.26,22.94,2019-10-26 14:42:08,1265.0,90,855,1
29,53.93,897.71,29.03,23.0,2019-10-26 14:57:16,1204.0,52,727,1
30,53.87,897.56,28.84,22.69,2019-10-26 15:12:23,1138.0,66,524,1
31,54.08,897.42,28.55,22.25,2019-10-26 15:27:30,1023.0,0,0,1
32,54.42,897.43,28.18,21.81,2019-10-26 15:42:38,890.0,0,0,0
33,54.69,897.46,27.79,21.75,2019-10-26 15:57:45,776.0,0,0,0
34,55.1,897.44,27.34,21.94,2019-10-26 16:12:52,650.0,0,0,0
35,55.32,897.58,27.02,21.38,2019-10-26 16:27:59,553.0,0,0,0
36,56.07,897.6,26.22,20.19,2019-10-26 16:43:07,435.0,0,0,0
37,56.76,897.69,25.45,19.56,2019-10-26 16:58:14,315.0,0,0,0
38,57.13,897.71,24.92,18.5,2019-10-26 17:13:21,220.0,0,0,0
39,57.9,897.81,24.32,18.25,2019-10-26 17:28:29,122.0,0,0,0
40,63.81,899.26,14.33,9.5,2019-10-27 07:30:03,139.0,0,0,0
41,63.84,899.28,14.35,10.44,2019-10-27 07:30:05,185.0,0,0,0
42,63.54,899.35,14.66,10.44,2019-10-27 07:45:12,185.0,0,0,0
43,62.89,899.39,15.53,10.81,2019-10-27 08:00:19,242.0,0,0,0
44,62.04,899.41,16.46,10.56,2019-10-27 08:15:27,535.0,0,0,0
45,61.15,899.51,17.33,12.25,2019-10-27 08:30:34,906.0,0,0,0
46,60.22,899.45,18.36,12.88,2019-10-27 08:45:41,1232.0,0,0,0
47,59.39,899.39,19.31,13.88,2019-10-27 09:00:48,1370.0,0,0,0
48,58.48,899.25,20.44,14.25,2019-10-27 09:15:56,1465.0,0,0,0
49,57.65,899.21,21.4,15.38,2019-10-27 09:31:03,1603.0,0,0,0
50,56.38,899.15,22.8,16.06,2019-10-27 09:46:10,1830.0,0,0,0
51,52.04,898.75,26.68,19.38,2019-10-27 10:35:42,2639.0,0,0,0
52,52.02,898.77,26.69,19.56,2019-10-27 10:35:44,7365.0,0,0,0
53,44.53,898.77,34.12,24.12,2019-10-27 10:50:51,7361.0,0,0,0
54,41.5,898.65,37.94,26.38,2019-10-27 11:05:58,7814.0,0,0,0
55,40.37,898.56,39.88,25.06,2019-10-27 11:21:06,7360.0,0,0,0
56,39.42,898.44,41.64,27.06,2019-10-27 11:36:13,7477.0,0,0,0
57,39.68,898.22,41.37,26.5,2019-10-27 11:51:20,6995.0,0,0,0
58,39.26,898.03,42.18,28.0,2019-10-27 12:06:27,6804.0,0,0,0
59,39.73,897.9,42.0,28.69,2019-10-27 12:21:34,7395.0,0,0,0
60,41.06,897.69,40.98,24.44,2019-10-27 12:36:42,6770.0,0,0,0
61,48.85,897.54,33.92,23.06,2019-10-27 12:51:49,2644.0,0,0,0
62,50.81,897.37,31.56,23.19,2019-10-27 13:06:56,2083.0,4097,9144,1
63,50.75,897.09,31.23,24.44,2019-10-27 13:22:03,1715.0,13873,20956,1
64,50.43,896.99,31.03,24.19,2019-10-27 13:37:11,1570.0,27555,25106,1
65,50.44,896.96,30.59,23.75,2019-10-27 13:52:18,1476.0,26471,32376,1
66,50.26,896.83,30.41,23.81,2019-10-27 14:07:25,1393.0,21321,21479,1
67,50.25,896.85,30.21,23.56,2019-10-27 14:22:32,1295.0,29465,53288,1
68,50.49,896.79,29.57,22.81,2019-10-27 14:37:40,1194.0,8192,8142,1
69,50.32,896.72,29.38,23.5,2019-10-27 14:52:47,1120.0,7629,8400,1
70,50.14,896.71,29.59,23.56,2019-10-27 15:07:54,1057.0,3454,5527,1
71,50.39,896.55,29.37,23.31,2019-10-27 15:23:01,925.0,4095,6177,1
72,50.62,896.48,29.05,23.06,2019-10-27 15:38:09,826.0,2255,2740,1
73,50.99,896.36,28.55,22.62,2019-10-27 15:53:16,736.0,260,519,1
74,51.23,896.39,28.13,22.12,2019-10-27 16:08:23,639.0,0,0,0
75,51.93,896.31,27.54,21.12,2019-10-27 16:23:30,547.0,0,0,0
76,52.45,896.36,27.01,20.0,2019-10-27 16:38:38,436.0,0,0,0
77,53.18,896.46,26.35,19.38,2019-10-27 16:53:45,339.0,0,0,0
78,53.83,896.57,25.65,19.19,2019-10-27 17:08:52,230.0,0,0,0
79,54.57,896.8,24.64,17.38,2019-10-27 17:23:59,144.0,0,0,0
80,60.98,899.3,15.24,10.12,2019-10-28 07:25:38,127.0,0,0,0
81,60.97,899.3,15.24,10.19,2019-10-28 07:25:39,173.0,0,0,0
82,60.54,899.51,15.57,10.0,2019-10-28 07:40:47,173.0,0,0,0
83,60.19,899.61,15.66,10.31,2019-10-28 07:55:54,223.0,0,0,0
84,59.83,899.75,16.47,11.31,2019-10-28 08:11:01,367.0,0,0,0
85,58.78,899.84,17.63,12.25,2019-10-28 08:26:09,730.0,0,0,0
86,58.14,900.05,18.4,12.44,2019-10-28 08:41:16,1180.0,0,0,0
87,57.16,900.08,19.6,14.06,2019-10-28 08:56:23,1324.0,0,0,0
88,40.27,899.61,37.62,25.5,2019-10-28 11:04:50,8111.0,0,0,0
89,40.25,899.7,37.63,25.62,2019-10-28 11:04:52,7504.0,0,0,0
90,39.02,899.57,39.77,26.06,2019-10-28 11:19:59,7501.0,0,0,0
91,38.16,899.41,41.31,27.88,2019-10-28 11:35:06,7738.0,0,0,0
92,37.3,899.28,42.87,25.12,2019-10-28 11:50:13,7087.0,0,0,0
93,38.49,899.2,41.54,27.31,2019-10-28 12:05:21,6823.0,0,0,0
94,38.5,898.89,41.79,27.5,2019-10-28 12:20:28,7585.0,0,0,0
95,39.21,898.85,41.42,26.12,2019-10-28 12:35:35,6996.0,0,0,0
96,47.13,898.56,33.99,23.69,2019-10-28 12:50:43,2624.0,0,0,0
97,49.3,898.3,31.56,24.44,2019-10-28 13:05:50,2088.0,2425,3026,1
98,49.24,897.98,31.11,24.25,2019-10-28 13:20:57,1691.0,4972,4126,1
99,48.94,897.88,31.03,24.38,2019-10-28 13:36:04,1527.0,6406,3460,1
100,48.95,897.85,30.64,24.56,2019-10-28 13:51:12,1423.0,10723,4557,1
101,48.83,897.73,30.58,24.31,2019-10-28 14:06:19,1326.0,10076,3503,1
102,48.65,897.51,30.43,24.38,2019-10-28 14:21:26,1247.0,10443,7656,1
103,48.75,897.33,30.33,24.38,2019-10-28 14:36:33,1157.0,9666,3880,1
104,48.82,897.32,30.14,24.25,2019-10-28 14:51:41,1069.0,9015,3310,1
105,48.84,897.44,30.07,23.75,2019-10-28 15:06:48,982.0,4057,1422,1
106,49.21,897.45,29.54,23.75,2019-10-28 15:21:55,911.0,2160,669,1
107,49.64,897.47,28.89,22.88,2019-10-28 15:37:02,826.0,862,204,1
108,49.95,897.6,28.32,23.06,2019-10-28 15:52:10,709.0,355,122,1
109,50.14,897.62,28.12,22.31,2019-10-28 16:07:17,622.0,0,0,0
110,50.57,897.49,27.56,21.94,2019-10-28 16:22:24,514.0,0,0,0
111,50.92,897.6,27.02,21.0,2019-10-28 16:37:32,399.0,0,0,0
112,51.47,897.52,26.59,20.69,2019-10-28 16:52:39,346.0,0,0,0
113,51.87,897.71,26.18,20.31,2019-10-28 17:07:46,252.0,0,0,0
114,52.06,897.85,26.02,20.0,2019-10-28 17:22:53,187.0,0,0,0
115,59.77,900.46,15.9,10.56,2019-10-29 07:24:28,120.0,0,0,0
116,59.77,900.46,15.9,10.81,2019-10-29 07:24:30,167.0,0,0,0
117,59.65,900.63,16.12,10.81,2019-10-29 07:39:37,167.0,0,0,0
118,59.34,900.67,16.55,11.25,2019-10-29 07:54:44,218.0,0,0,0
119,58.73,900.8,17.3,12.06,2019-10-29 08:09:51,320.0,0,0,0
120,57.95,900.93,18.13,12.5,2019-10-29 08:24:59,596.0,0,0,0
121,56.98,900.91,18.95,13.0,2019-10-29 08:40:06,991.0,0,0,0
122,56.22,900.98,19.79,13.62,2019-10-29 08:55:13,1170.0,0,0,0
123,55.66,901.03,20.53,14.44,2019-10-29 09:10:20,1305.0,0,0,0
124,54.8,900.8,21.71,15.69,2019-10-29 09:25:28,1410.0,0,0,0
125,53.88,900.7,22.99,16.56,2019-10-29 09:40:35,1600.0,0,0,0
126,52.73,900.66,23.75,17.0,2019-10-29 09:55:42,1815.0,0,0,0
127,51.86,900.54,24.64,17.81,2019-10-29 10:10:50,2055.0,0,0,0
128,50.74,900.59,25.54,18.81,2019-10-29 10:25:57,2328.0,0,0,0
129,47.7,900.4,28.99,22.94,2019-10-29 10:41:04,2643.0,0,0,0
130,41.03,900.44,35.9,24.12,2019-10-29 10:56:11,7027.0,0,0,0
131,38.93,900.09,39.12,26.38,2019-10-29 11:11:19,6939.0,0,0,0
132,38.16,899.91,40.3,26.38,2019-10-29 11:26:26,6985.0,0,0,0
133,37.75,899.84,41.15,25.06,2019-10-29 11:41:33,7175.0,0,0,0
134,38.52,899.87,40.28,25.31,2019-10-29 11:56:41,7006.0,0,0,0
135,38.5,899.74,40.45,25.56,2019-10-29 12:11:48,6615.0,0,0,0
136,38.95,899.47,40.08,27.75,2019-10-29 12:26:55,6890.0,0,0,0
137,42.74,899.13,36.76,26.12,2019-10-29 12:42:02,6198.0,0,0,0
138,47.41,898.88,32.79,23.81,2019-10-29 12:57:10,2418.0,0,0,0
139,48.78,898.78,30.94,23.5,2019-10-29 13:12:17,1892.0,0,0,0
140,48.67,898.67,30.57,23.94,2019-10-29 13:27:24,1635.0,31434,182858,1
141,48.56,898.51,30.46,23.56,2019-10-29 13:42:32,1486.0,34010,91562,1
142,48.68,898.3,30.15,23.12,2019-10-29 13:57:39,1410.0,33618,52507,1
143,48.56,898.18,30.04,24.12,2019-10-29 14:12:46,1308.0,34797,38505,1
144,48.59,897.94,29.9,23.69,2019-10-29 14:27:54,1240.0,24303,27576,1
145,48.52,897.83,29.83,23.44,2019-10-29 14:43:01,1162.0,20085,16540,1
146,48.69,897.74,29.82,23.94,2019-10-29 14:58:08,1048.0,17301,12254,1
147,48.75,897.6,29.53,23.44,2019-10-29 15:13:15,962.0,15044,8773,1
148,49.29,897.51,28.79,23.31,2019-10-29 15:28:23,862.0,5525,2660,1
149,49.58,897.63,28.4,22.62,2019-10-29 15:43:30,770.0,2376,1268,1
150,49.63,897.62,28.26,22.69,2019-10-29 15:58:37,689.0,666,624,1
151,50.0,897.7,27.88,22.5,2019-10-29 16:13:44,546.0,0,0,0
152,50.29,897.71,27.53,21.75,2019-10-29 16:28:52,465.0,0,0,0
153,51.11,897.74,26.66,20.5,2019-10-29 16:43:59,371.0,0,0,0
154,51.91,897.82,25.75,19.75,2019-10-29 16:59:06,233.0,0,0,0
155,52.36,897.83,25.14,19.12,2019-10-29 17:14:14,152.0,0,0,0
156,53.01,897.95,24.41,17.62,2019-10-29 17:29:21,114.0,0,0,0
157,58.87,899.82,17.15,11.25,2019-10-30 07:30:56,114.0,0,0,0
158,58.89,899.85,17.16,12.0,2019-10-30 07:30:57,247.0,0,0,0
159,58.49,900.03,17.57,11.44,2019-10-30 07:46:05,248.0,0,0,0
160,58.15,899.97,18.02,12.62,2019-10-30 08:01:12,226.0,0,0,0
161,57.64,900.04,18.71,12.38,2019-10-30 08:16:19,432.0,0,0,0
162,56.89,900.0,19.6,13.06,2019-10-30 08:31:26,525.0,0,0,0
163,56.81,900.01,19.67,14.0,2019-10-30 08:46:34,599.0,0,0,0
164,55.71,900.13,20.9,15.19,2019-10-30 09:01:41,760.0,0,0,0
165,54.96,900.29,21.66,15.81,2019-10-30 09:16:48,1284.0,0,0,0
166,54.08,900.2,22.52,15.94,2019-10-30 09:31:56,1431.0,0,0,0
167,53.32,900.18,23.4,17.44,2019-10-30 09:47:03,1619.0,0,0,0
168,52.11,900.25,24.63,18.19,2019-10-30 10:02:10,1828.0,0,0,0
169,51.17,900.23,25.44,17.81,2019-10-30 10:17:18,2028.0,0,0,0
170,50.03,899.87,26.32,19.44,2019-10-30 10:32:25,2342.0,0,0,0
171,44.16,899.73,32.14,22.62,2019-10-30 10:47:32,2606.0,0,0,0
172,41.04,899.52,35.65,23.38,2019-10-30 11:02:39,6542.0,0,0,0
173,39.84,899.39,37.38,24.75,2019-10-30 11:17:47,6400.0,0,0,0
174,39.01,899.04,38.49,24.25,2019-10-30 11:32:54,6046.0,0,0,0
175,38.57,898.92,39.6,26.44,2019-10-30 11:48:01,6379.0,0,0,0
176,38.95,898.73,39.34,25.56,2019-10-30 12:03:08,6138.0,0,0,0
177,38.99,898.48,39.6,24.75,2019-10-30 12:18:16,6372.0,0,0,0
178,39.41,898.25,39.48,25.06,2019-10-30 12:33:23,6051.0,0,0,0
179,45.5,897.88,34.0,23.44,2019-10-30 12:48:30,5121.0,0,0,0
180,47.63,897.63,31.74,23.25,2019-10-30 13:03:37,2202.0,13066,41591,1
181,48.33,897.36,30.6,23.69,2019-10-30 13:18:45,1843.0,18036,59298,1
182,48.24,897.21,30.49,23.88,2019-10-30 13:33:52,1720.0,24886,47654,1
183,48.02,897.05,30.22,22.44,2019-10-30 13:48:59,1666.0,16238,29048,1
184,48.09,896.9,29.95,23.44,2019-10-30 14:04:06,1567.0,20873,35299,1
185,47.81,896.73,29.99,23.5,2019-10-30 14:19:14,1490.0,13452,26021,1
186,48.08,896.4,29.77,22.75,2019-10-30 14:34:21,1442.0,25444,43949,1
187,48.15,896.32,29.65,23.19,2019-10-30 14:49:28,1211.0,0,0,0
188,48.35,896.21,29.36,23.12,2019-10-30 15:04:36,1150.0,0,0,0
189,48.49,896.12,29.14,22.88,2019-10-30 15:19:43,1034.0,9505,1530,1
190,48.9,896.13,28.51,22.69,2019-10-30 15:34:50,914.0,4668,925,1
191,49.2,896.23,28.17,22.5,2019-10-30 15:49:57,780.0,2962,717,1
192,49.44,896.24,27.73,22.25,2019-10-30 16:05:05,672.0,0,0,0
193,49.65,896.2,27.79,21.5,2019-10-30 16:20:12,577.0,0,0,0
194,50.23,896.28,27.04,20.81,2019-10-30 16:48:34,472.0,0,0,0
195,50.24,896.27,27.04,21.12,2019-10-30 16:48:35,290.0,0,0,0
196,50.76,896.39,26.65,20.5,2019-10-30 17:03:42,290.0,0,0,0
197,51.35,896.54,26.02,19.62,2019-10-30 17:18:50,156.0,0,0,0
198,58.74,899.56,16.4,11.5,2019-10-31 07:21:31,119.0,0,0,0
199,58.75,899.51,16.38,11.06,2019-10-31 07:21:32,180.0,0,0,0
200,58.49,899.7,16.95,11.19,2019-10-31 07:36:39,180.0,0,0,0
201,58.09,899.85,17.47,12.12,2019-10-31 07:51:47,242.0,0,0,0
202,57.67,900.01,17.8,11.69,2019-10-31 08:06:54,309.0,0,0,0
203,57.16,900.07,18.52,13.25,2019-10-31 08:22:01,495.0,0,0,0
204,56.31,900.16,19.39,13.81,2019-10-31 08:37:09,848.0,0,0,0
205,55.53,900.18,20.35,14.5,2019-10-31 08:52:16,1038.0,0,0,0
206,54.64,900.05,21.29,14.94,2019-10-31 09:07:23,1190.0,0,0,0
207,54.12,900.02,21.95,15.88,2019-10-31 09:22:30,1292.0,0,0,0
208,52.91,899.83,23.17,16.81,2019-10-31 09:37:38,1485.0,0,0,0
209,51.99,899.75,24.26,17.56,2019-10-31 09:52:45,1690.0,0,0,0
210,51.09,899.68,25.17,17.88,2019-10-31 10:07:52,1880.0,0,0,0
211,50.12,899.59,26.33,19.5,2019-10-31 10:22:59,2126.0,0,0,0
212,47.45,899.37,29.14,22.75,2019-10-31 10:38:07,2450.0,0,0,0
213,41.53,899.28,35.34,24.56,2019-10-31 10:53:14,5827.0,0,0,0
214,39.42,899.16,38.03,23.69,2019-10-31 11:08:21,5777.0,0,0,0
215,38.58,899.01,39.12,23.69,2019-10-31 11:23:28,5883.0,0,0,0
216,37.78,898.67,40.4,25.56,2019-10-31 11:38:36,6140.0,0,0,0
217,37.31,898.5,41.41,25.44,2019-10-31 11:53:43,6407.0,0,0,0
218,37.83,898.12,41.02,27.12,2019-10-31 12:08:50,6122.0,0,0,0
219,38.22,897.66,40.73,25.06,2019-10-31 12:23:57,6496.0,0,0,0
220,41.08,897.42,37.58,24.0,2019-10-31 12:39:05,6116.0,0,0,0
221,46.82,897.24,32.21,23.88,2019-10-31 12:54:12,2510.0,0,0,0
222,47.67,896.83,31.24,24.12,2019-10-31 13:09:19,1946.0,62418,57459,1
223,47.77,896.73,30.7,23.38,2019-10-31 13:24:27,1667.0,50174,54786,1
224,47.63,896.53,30.54,24.44,2019-10-31 13:39:34,1536.0,52247,49720,1
225,47.42,896.31,30.47,24.06,2019-10-31 13:54:41,1440.0,62336,51828,1
226,47.34,896.3,30.34,24.38,2019-10-31 14:09:48,1354.0,63208,48658,1
227,47.21,896.08,30.41,24.31,2019-10-31 14:24:56,1266.0,56032,40466,1
228,47.22,895.97,30.06,23.38,2019-10-31 14:40:03,1183.0,54500,37831,1
229,47.36,895.97,29.82,23.69,2019-10-31 14:55:10,1121.0,49365,25928,1
230,47.63,895.86,29.42,23.5,2019-10-31 15:11:06,1043.0,39879,17953,1
231,47.83,895.86,29.25,23.81,2019-10-31 15:35:47,940.0,0,0,0
232,47.83,895.8,29.25,23.94,2019-10-31 15:35:49,782.0,23877,7821,1
233,47.82,896.01,29.32,23.0,2019-10-31 15:50:56,782.0,10018,1502,1
234,47.58,895.9,29.52,23.31,2019-10-31 16:06:03,781.0,0,0,0
235,47.24,895.76,29.94,23.31,2019-10-31 16:21:10,845.0,0,0,0
236,50.0,896.11,27.06,21.0,2019-10-31 16:47:39,248.0,0,0,0
237,49.98,896.15,27.07,21.25,2019-10-31 16:47:40,230.0,0,0,0
238,50.35,896.19,26.55,20.5,2019-10-31 17:02:48,230.0,0,0,0
239,51.13,896.43,25.7,19.25,2019-10-31 17:17:55,130.0,0,0,0
240,57.82,899.34,16.18,11.38,2019-11-01 07:04:31,136.0,0,0,0
241,57.83,899.36,16.18,10.94,2019-11-01 07:04:33,135.0,0,0,0
242,57.63,899.63,16.32,11.12,2019-11-01 07:19:40,135.0,0,0,0
243,57.32,899.79,17.03,11.88,2019-11-01 07:34:47,234.0,0,0,0
244,56.65,899.76,17.64,12.25,2019-11-01 07:49:54,310.0,0,0,0
245,56.01,899.84,18.42,13.31,2019-11-01 08:05:02,506.0,0,0,0
246,55.24,899.9,19.47,14.38,2019-11-01 08:20:09,814.0,0,0,0
247,54.36,900.0,20.35,14.12,2019-11-01 08:35:16,1023.0,0,0,0
248,53.7,900.03,21.23,14.56,2019-11-01 08:50:23,1167.0,0,0,0
249,52.88,900.18,22.5,15.31,2019-11-01 09:05:31,1085.0,0,0,0
250,51.94,900.16,23.58,17.44,2019-11-01 09:20:38,1300.0,0,0,0
251,50.97,900.13,24.78,17.81,2019-11-01 09:35:45,1650.0,0,0,0
252,50.14,900.06,25.87,19.12,2019-11-01 09:50:52,1710.0,0,0,0
253,48.54,899.75,27.49,19.75,2019-11-01 10:06:00,1971.0,0,0,0
254,46.83,899.57,29.07,21.38,2019-11-01 10:21:07,2496.0,0,0,0
255,41.69,899.36,34.11,24.19,2019-11-01 10:36:14,5896.0,0,0,0
256,40.48,899.24,35.47,23.62,2019-11-01 10:51:21,5740.0,0,0,0
257,38.73,898.97,37.49,24.94,2019-11-01 11:06:29,4732.0,0,0,0
258,37.39,898.64,39.41,25.81,2019-11-01 11:21:36,6377.0,0,0,0
259,37.36,898.25,39.86,26.62,2019-11-01 11:36:43,6774.0,0,0,0
260,38.08,898.0,39.39,26.31,2019-11-01 11:51:51,4047.0,0,0,0
261,37.59,897.68,40.15,27.25,2019-11-01 12:06:58,6349.0,0,0,0
262,41.62,897.4,36.21,24.94,2019-11-01 12:22:05,6189.0,0,0,0
263,44.21,897.3,33.58,24.38,2019-11-01 12:37:12,2024.0,0,0,0
264,45.27,897.28,32.06,23.5,2019-11-01 12:52:20,1810.0,0,0,0
265,43.71,897.41,33.28,24.31,2019-11-01 13:07:27,1863.0,0,0,0
266,43.99,897.27,32.85,24.31,2019-11-01 13:22:34,2159.0,0,0,1
267,44.13,897.06,32.75,24.94,2019-11-01 13:37:41,1705.0,0,0,1
268,44.16,896.9,32.61,25.06,2019-11-01 13:47:40,2025.0,0,0,0
269,44.15,896.88,32.61,25.38,2019-11-01 13:47:42,1441.0,0,0,0
270,44.92,896.91,31.44,23.44,2019-11-01 14:02:49,1442.0,0,0,0
271,45.64,896.83,30.62,23.19,2019-11-01 14:17:56,1205.0,0,0,0
272,45.6,896.79,30.37,23.5,2019-11-01 14:33:03,950.0,0,0,1
273,46.06,896.83,29.82,22.88,2019-11-01 14:48:11,846.0,0,0,1
274,46.84,896.86,29.01,22.31,2019-11-01 15:03:18,626.0,0,0,1
275,47.12,896.93,28.68,21.69,2019-11-01 15:18:25,538.0,0,0,1
276,47.68,897.05,27.98,21.12,2019-11-01 15:33:33,456.0,0,0,1
277,48.32,897.05,27.21,21.0,2019-11-01 15:48:40,388.0,0,0,1
278,48.85,897.07,26.59,21.0,2019-11-01 16:03:47,316.0,0,0,0
279,49.33,896.93,26.1,21.06,2019-11-01 16:18:54,210.0,0,0,0
280,49.65,897.04,25.74,20.19,2019-11-01 16:34:02,120.0,0,0,0
281,56.72,898.67,17.83,13.19,2019-11-02 06:35:36,112.0,0,0,0
282,56.71,898.65,17.83,13.31,2019-11-02 06:35:37,219.0,0,0,0
283,56.24,898.68,18.38,13.25,2019-11-02 06:50:45,220.0,0,0,0
284,56.25,898.78,18.3,13.44,2019-11-02 07:05:52,231.0,0,0,0
285,55.91,898.98,18.49,13.44,2019-11-02 07:20:59,385.0,0,0,0
286,55.58,899.22,19.16,14.25,2019-11-02 07:36:07,422.0,0,0,0
287,54.57,899.2,20.39,14.5,2019-11-02 07:51:14,758.0,0,0,0
288,53.55,899.31,21.55,15.56,2019-11-02 08:06:21,1175.0,0,0,0
289,52.71,899.44,22.5,16.62,2019-11-02 08:21:28,1302.0,0,0,0
290,51.77,899.57,23.69,17.38,2019-11-02 08:36:36,1275.0,0,0,0
291,50.78,899.65,24.82,17.69,2019-11-02 08:51:43,1704.0,0,0,0
292,49.78,899.81,25.9,19.44,2019-11-02 09:06:50,1613.0,0,0,0
293,48.66,899.87,27.08,19.19,2019-11-02 09:21:57,2122.0,0,0,0
294,47.57,899.97,28.07,20.81,2019-11-02 09:37:05,2243.0,0,0,0
295,46.6,900.09,29.33,21.62,2019-11-02 09:52:12,2725.0,0,0,0
296,45.17,900.04,31.09,22.56,2019-11-02 10:07:19,2699.0,0,0,0
297,45.59,900.06,31.09,22.75,2019-11-02 10:22:26,3302.0,0,0,0
298,44.24,900.05,32.37,23.5,2019-11-02 10:37:34,2881.0,0,0,0
299,44.07,899.94,32.52,22.5,2019-11-02 10:52:41,2773.0,0,0,0
300,45.54,899.86,31.51,22.44,2019-11-02 11:07:48,2619.0,0,0,0
301,47.03,899.71,30.28,21.56,2019-11-02 11:22:55,1514.0,0,0,0
302,48.12,899.59,28.92,21.56,2019-11-02 11:38:03,1170.0,0,0,0
303,48.45,899.54,28.54,21.62,2019-11-02 11:53:10,951.0,0,0,0
304,48.43,899.53,28.26,21.12,2019-11-02 12:08:17,859.0,0,0,0
305,48.16,899.47,28.23,21.62,2019-11-02 12:23:24,853.0,0,0,0
306,47.6,899.45,28.72,22.12,2019-11-02 12:38:32,1032.0,0,0,0
307,47.71,899.23,28.67,21.75,2019-11-02 12:53:39,1225.0,0,0,0
308,47.87,899.16,28.66,20.88,2019-11-02 13:08:46,1059.0,0,0,1
309,48.5,898.86,28.12,21.38,2019-11-02 12:47:39,820.0,0,0,0
310,48.51,898.83,28.12,21.56,2019-11-02 12:47:41,700.0,0,0,0
311,48.38,898.69,28.03,21.06,2019-11-02 13:02:48,700.0,0,0,1
312,48.61,898.58,28.03,20.19,2019-11-02 13:17:55,755.0,0,0,1
313,48.97,898.75,27.62,20.5,2019-11-02 13:33:03,646.0,0,0,1
314,49.44,898.59,27.04,20.12,2019-11-02 13:48:10,525.0,0,0,1
315,49.59,898.58,26.93,19.31,2019-11-02 14:03:17,480.0,0,0,1
316,49.95,898.63,26.43,19.44,2019-11-02 14:18:24,515.0,0,0,1
317,50.39,898.53,26.12,19.06,2019-11-02 14:33:32,370.0,0,0,1
318,50.8,898.73,25.58,18.56,2019-11-02 14:48:39,290.0,12698,41689,1
319,51.15,898.84,25.02,18.69,2019-11-02 15:03:46,143.0,13600,30170,1
320,51.72,899.0,24.25,17.88,2019-11-02 15:18:53,144.0,10783,22936,1
321,55.58,900.73,19.55,13.62,2019-11-03 07:41:57,150.0,0,0,0
322,55.6,900.74,19.56,13.75,2019-11-03 07:41:58,275.0,0,0,0
323,54.9,900.85,20.24,14.06,2019-11-03 07:57:06,275.0,0,0,0
324,54.21,900.99,20.93,14.44,2019-11-03 08:12:13,451.0,0,0,0
325,53.34,900.99,22.06,15.88,2019-11-03 08:27:20,602.0,0,0,0
326,53.16,901.15,22.56,15.94,2019-11-03 08:42:27,1005.0,0,0,0
327,51.77,901.03,24.14,17.38,2019-11-03 08:57:35,774.0,0,0,0
328,50.43,900.91,25.35,18.62,2019-11-03 09:12:42,1676.0,0,0,0
329,50.69,900.79,25.59,18.19,2019-11-03 09:27:49,1722.0,0,0,0
330,49.89,900.81,26.12,19.38,2019-11-03 09:42:56,1012.0,0,0,0
331,50.45,900.75,25.45,18.31,2019-11-03 09:58:04,1860.0,0,0,0
332,49.36,900.69,26.13,19.56,2019-11-03 10:13:11,2008.0,0,0,0
333,46.58,900.51,28.52,20.38,2019-11-03 10:28:18,2516.0,0,0,0
334,45.92,900.41,29.85,22.25,2019-11-03 10:43:26,3345.0,0,0,0
335,45.5,900.25,30.68,21.56,2019-11-03 10:58:33,6213.0,0,0,0
336,46.54,900.12,30.01,21.56,2019-11-03 11:13:40,2142.0,0,0,0
337,46.94,900.03,29.58,20.62,2019-11-03 11:28:47,1901.0,0,0,0
338,46.61,899.89,29.85,21.94,2019-11-03 11:43:55,1690.0,0,0,0
339,41.99,899.72,34.02,25.44,2019-11-03 11:59:02,1617.0,0,0,0
340,39.67,899.54,37.26,24.88,2019-11-03 12:14:09,7437.0,0,0,0
341,43.87,899.29,33.51,22.88,2019-11-03 12:29:17,5530.0,0,0,0
342,42.81,899.1,34.32,23.19,2019-11-03 12:44:24,6707.0,0,0,0
343,46.4,898.93,30.69,21.75,2019-11-03 12:59:31,2654.0,0,0,0
344,45.94,898.62,30.74,23.56,2019-11-03 13:14:38,2306.0,22902,7622,1
345,45.94,898.19,30.76,23.69,2019-11-03 13:29:46,1824.0,18116,4387,1
346,45.79,897.92,30.81,23.31,2019-11-03 13:44:53,1660.0,33313,4986,1
347,46.2,897.8,30.13,23.44,2019-11-03 14:00:00,1510.0,91035,14853,1
348,46.47,897.65,29.56,23.31,2019-11-03 14:15:07,1320.0,90131,13695,1
349,46.56,897.69,29.11,22.75,2019-11-03 14:30:15,1233.0,65898,8814,1
350,46.14,897.72,29.18,23.0,2019-11-03 14:45:22,1171.0,0,0,0
351,45.33,897.81,29.78,23.25,2019-11-03 15:00:29,1110.0,0,0,0
352,44.93,897.63,30.24,23.44,2019-11-03 15:15:36,1250.0,3818,152,1
353,45.19,897.55,30.18,22.81,2019-11-03 15:30:44,1201.0,1824,142,1
354,46.11,897.55,29.16,22.12,2019-11-03 15:45:51,945.0,1398,168,1
355,47.3,897.52,27.69,21.88,2019-11-03 16:00:58,690.0,0,0,0
356,47.53,897.67,27.15,21.0,2019-11-03 16:16:06,327.0,0,0,0
357,48.55,898.09,26.15,19.06,2019-11-03 16:47:40,249.0,0,0,0
358,56.23,900.48,16.92,11.12,2019-11-04 06:47:39,189.0,0,0,0
359,56.22,900.44,16.91,11.88,2019-11-04 06:47:40,236.0,0,0,0
360,55.61,900.46,17.59,12.56,2019-11-04 07:02:48,237.0,0,0,0
361,54.48,900.69,18.8,12.69,2019-11-04 07:17:55,584.0,0,0,0
362,53.68,900.74,19.88,14.31,2019-11-04 07:33:02,1220.0,0,0,0
363,52.69,900.8,21.06,14.5,2019-11-04 07:48:09,1350.0,0,0,0
364,51.86,900.85,22.14,15.75,2019-11-04 08:03:17,1363.0,0,0,0
365,51.07,900.94,22.9,16.81,2019-11-04 08:18:24,1431.0,0,0,0
366,50.22,900.92,24.01,17.75,2019-11-04 08:33:31,1655.0,0,0,0
367,49.23,900.9,25.06,18.19,2019-11-04 08:48:38,1886.0,0,0,0
368,48.25,900.81,26.12,18.5,2019-11-04 09:03:46,2106.0,0,0,0
369,47.34,900.65,26.71,19.25,2019-11-04 09:18:53,2404.0,0,0,0
370,41.69,900.55,32.48,24.62,2019-11-04 09:34:00,2586.0,0,0,0
371,37.45,900.47,37.57,24.88,2019-11-04 09:49:07,8167.0,0,0,0
372,36.34,900.23,39.36,26.19,2019-11-04 10:04:15,6655.0,0,0,0
373,35.15,900.12,41.37,26.44,2019-11-04 10:19:22,7329.0,0,0,0
374,34.89,899.88,42.08,25.62,2019-11-04 10:34:29,7690.0,0,0,0
375,34.72,899.69,42.51,26.19,2019-11-04 10:49:37,7295.0,0,0,0
376,35.29,899.31,41.88,27.75,2019-11-04 11:04:44,7760.0,0,0,0
377,35.44,899.13,42.0,28.38,2019-11-04 11:19:51,7599.0,0,0,0
378,41.25,898.83,35.65,23.69,2019-11-04 11:34:58,6688.0,0,0,0
379,45.54,898.66,31.22,22.75,2019-11-04 11:50:06,2315.0,0,0,0
380,45.73,898.55,30.32,23.5,2019-11-04 12:05:13,1712.0,0,0,0
381,45.61,898.32,29.71,23.69,2019-11-04 12:20:20,1499.0,0,0,0
382,45.5,898.14,29.36,23.0,2019-11-04 12:35:27,1399.0,0,0,0
383,45.42,898.04,29.15,23.12,2019-11-04 12:50:35,1268.0,0,0,0
384,45.18,897.87,29.16,22.38,2019-11-04 13:05:42,1165.0,77799,125275,1
385,45.19,897.89,28.9,23.44,2019-11-04 13:20:49,1090.0,87779,126505,1
386,45.04,897.8,28.78,23.0,2019-11-04 13:35:56,1029.0,87870,106260,1
387,45.21,897.73,28.33,22.88,2019-11-04 13:51:04,952.0,97345,97878,1
388,45.29,897.79,28.01,21.81,2019-11-04 14:06:11,860.0,0,0,0
389,45.31,897.71,27.78,21.94,2019-11-04 14:21:18,770.0,0,0,0
390,45.54,897.78,27.42,21.75,2019-11-04 14:36:25,680.0,0,0,0
391,45.68,897.61,27.18,22.0,2019-11-04 14:51:33,590.0,0,0,0
392,46.01,897.5,26.82,21.06,2019-11-04 15:06:40,483.0,53278,132807,1
393,46.62,897.46,26.24,19.31,2019-11-04 15:21:47,380.0,44387,130414,1
394,47.09,897.64,25.7,19.38,2019-11-04 15:36:54,307.0,43735,139703,1
395,47.72,897.76,24.88,18.75,2019-11-04 15:52:02,211.0,37324,117187,1
396,48.32,897.73,24.16,17.62,2019-11-04 16:07:09,138.0,0,0,0
397,56.02,897.81,14.35,9.19,2019-11-05 06:23:46,107.0,0,0,0
398,56.02,897.84,14.37,8.75,2019-11-05 06:23:47,138.0,0,0,0
399,55.98,897.93,14.43,8.88,2019-11-05 06:38:54,138.0,0,0,0
400,55.59,897.93,14.88,9.69,2019-11-05 06:54:02,172.0,0,0,0
401,55.05,897.87,15.62,10.56,2019-11-05 07:09:09,314.0,0,0,0
402,53.8,897.85,16.77,11.38,2019-11-05 07:24:16,852.0,0,0,0
403,52.83,897.81,18.02,12.25,2019-11-05 07:39:24,1341.0,0,0,0
404,52.08,897.72,19.04,12.5,2019-11-05 07:54:31,1419.0,0,0,0
405,51.17,897.66,20.19,14.38,2019-11-05 08:09:38,1350.0,0,0,0
406,50.03,897.45,21.41,15.19,2019-11-05 08:24:45,1520.0,0,0,0
407,49.18,897.6,22.42,16.06,2019-11-05 08:39:53,1746.0,0,0,0
408,48.15,897.57,23.28,17.0,2019-11-05 08:55:00,1977.0,0,0,0
409,47.06,897.56,24.35,17.69,2019-11-05 09:10:07,2230.0,0,0,0
410,44.91,897.45,26.73,18.31,2019-11-05 09:25:14,2604.0,0,0,0
411,37.98,897.24,34.87,23.5,2019-11-05 09:40:22,6597.0,0,0,0
412,35.37,897.23,38.83,24.0,2019-11-05 09:55:29,7185.0,0,0,0
413,34.21,897.1,40.77,26.69,2019-11-05 10:10:36,7066.0,0,0,0
414,34.21,896.94,41.01,28.62,2019-11-05 10:25:43,7671.0,0,0,0
415,34.43,896.9,40.56,24.88,2019-11-05 10:40:51,7405.0,0,0,0
416,34.98,896.71,39.98,26.94,2019-11-05 10:55:58,7046.0,0,0,0
417,34.7,896.59,40.68,26.62,2019-11-05 11:11:05,7484.0,0,0,0
418,34.78,896.4,41.04,26.62,2019-11-05 11:26:13,7468.0,0,0,0
419,42.41,896.1,33.32,23.38,2019-11-05 11:41:20,2629.0,0,0,0
420,44.47,895.66,30.79,23.06,2019-11-05 11:56:27,1966.0,0,0,0
421,44.92,895.55,29.21,22.94,2019-11-05 12:11:35,1466.0,0,0,0
422,44.53,895.42,29.07,23.31,2019-11-05 12:26:42,1352.0,0,0,0
423,44.16,895.24,29.12,23.25,2019-11-05 12:41:49,1260.0,0,0,0
424,44.02,895.07,28.82,23.31,2019-11-05 12:56:56,1164.0,0,0,0
425,43.74,894.94,28.88,22.81,2019-11-05 13:12:04,1063.0,109881,209548,1
426,43.49,894.75,28.97,22.75,2019-11-05 13:27:11,989.0,110933,205194,1
427,43.46,894.71,28.54,22.5,2019-11-05 13:42:18,960.0,115303,206769,1
428,43.58,894.57,28.19,22.94,2019-11-05 13:57:25,859.0,107916,180960,1
429,43.54,894.48,27.94,22.62,2019-11-05 14:12:33,748.0,102163,155138,1
430,43.65,894.32,27.62,22.75,2019-11-05 14:27:40,651.0,93396,132601,1
431,43.7,894.25,27.32,22.25,2019-11-05 14:42:47,563.0,81249,95607,1
432,44.05,894.06,26.71,20.19,2019-11-05 14:57:55,474.0,64030,59776,1
433,44.75,893.95,25.71,19.06,2019-11-05 15:13:02,392.0,49023,28484,1
434,45.39,894.06,24.8,18.81,2019-11-05 15:28:09,311.0,39747,30748,1
435,45.93,893.99,23.89,17.81,2019-11-05 15:43:16,235.0,23867,11516,1
436,46.6,893.99,22.7,16.88,2019-11-05 15:58:24,138.0,23313,15694,1
437,54.19,895.64,13.88,8.81,2019-11-06 07:31:30,113.0,0,0,0
438,54.18,895.63,13.87,8.12,2019-11-06 07:31:32,152.0,0,0,0
439,54.48,895.88,13.8,8.94,2019-11-06 07:46:39,152.0,0,0,0
440,54.11,896.21,14.31,9.69,2019-11-06 08:01:46,194.0,0,0,0
441,53.47,896.39,15.2,10.25,2019-11-06 08:16:54,255.0,0,0,0
442,52.5,896.6,16.4,11.31,2019-11-06 08:32:01,632.0,0,0,0
443,51.68,896.63,17.57,12.38,2019-11-06 08:47:08,1179.0,0,0,0
444,50.71,896.69,18.77,13.44,2019-11-06 09:02:15,1300.0,0,0,0
445,49.94,896.68,19.63,13.88,2019-11-06 09:17:23,1284.0,0,0,0
446,49.08,896.72,20.68,14.69,2019-11-06 09:32:30,1385.0,0,0,0
447,47.79,896.75,21.99,15.19,2019-11-06 09:47:37,1608.0,0,0,0
448,47.16,896.76,22.74,16.38,2019-11-06 10:02:45,1848.0,0,0,0
449,45.92,896.76,24.06,17.31,2019-11-06 10:17:52,2052.0,0,0,0
450,44.41,896.59,25.83,18.44,2019-11-06 10:32:59,2535.0,0,0,0
451,38.84,896.58,32.46,22.62,2019-11-06 10:48:07,2616.0,0,0,0
452,36.88,896.37,34.98,21.69,2019-11-06 11:03:14,6216.0,0,0,0
453,36.5,896.15,36.06,22.31,2019-11-06 11:18:21,6684.0,0,0,0
454,35.02,896.04,37.98,23.88,2019-11-06 11:33:28,6659.0,0,0,0
455,34.65,895.94,38.6,24.0,2019-11-06 11:48:36,7125.0,0,0,0
456,34.78,895.72,38.9,25.88,2019-11-06 12:03:43,6518.0,0,0,0
457,34.97,895.54,39.0,25.62,2019-11-06 12:18:50,6486.0,0,0,0
458,34.86,895.52,39.51,27.38,2019-11-06 12:33:57,6708.0,0,0,0
459,40.09,895.25,34.17,22.31,2019-11-06 12:49:05,6020.0,0,0,0
460,42.66,895.03,30.88,22.56,2019-11-06 13:04:12,2238.0,191423,53030,1
461,41.26,894.67,30.71,23.06,2019-11-06 13:47:39,1559.0,0,0,0
462,41.26,894.66,30.71,23.19,2019-11-06 13:47:41,1844.0,66399,10585,1
463,41.01,894.46,31.01,22.44,2019-11-06 14:02:48,1841.0,30701,4645,1
464,40.79,894.46,31.04,23.25,2019-11-06 14:17:55,1502.0,60512,8589,1
465,41.45,894.16,30.81,22.06,2019-11-06 14:33:02,1572.0,13294,1561,1
466,41.69,893.98,30.29,21.69,2019-11-06 14:48:10,1220.0,56090,13041,1
467,42.96,893.62,27.81,21.75,2019-11-06 15:39:42,786.0,0,0,0
468,42.96,893.64,27.81,22.0,2019-11-06 15:39:44,676.0,217283,31925,1
469,43.45,893.49,27.09,21.31,2019-11-06 15:54:57,676.0,284721,60508,1
470,43.84,893.45,26.39,19.62,2019-11-06 16:10:11,521.0,0,0,0
471,44.55,893.47,25.66,19.44,2019-11-06 16:25:24,415.0,0,0,0
472,45.01,893.46,24.83,18.62,2019-11-06 16:40:38,327.0,0,0,0
473,45.44,893.67,24.06,17.88,2019-11-06 16:55:51,228.0,0,0,0
474,46.22,893.76,22.81,16.5,2019-11-06 17:11:05,127.0,0,0,0
475,51.44,897.91,18.72,15.38,2019-11-07 06:32:36,103.0,0,0,0
476,51.43,897.91,18.72,15.62,2019-11-07 06:32:37,133.0,0,0,0
477,50.99,898.24,19.15,15.56,2019-11-07 06:47:45,133.0,0,0,0
478,50.92,898.32,19.01,15.19,2019-11-07 08:43:49,195.0,0,0,0
479,50.86,898.59,18.92,14.88,2019-11-07 08:59:03,211.0,0,0,0
480,50.38,898.82,19.24,15.5,2019-11-07 09:14:16,250.0,0,0,0
481,50.42,899.34,19.13,15.25,2019-11-07 09:29:30,362.0,0,0,0
482,50.22,899.51,19.12,15.25,2019-11-07 09:44:43,289.0,0,0,0
483,49.75,899.6,19.55,14.69,2019-11-07 09:59:57,463.0,0,0,0
484,50.02,899.77,19.21,15.19,2019-11-07 10:15:10,519.0,0,0,0
485,51.09,899.76,17.82,14.19,2019-11-07 10:30:24,377.0,0,0,0
486,52.39,899.94,16.63,13.25,2019-11-07 10:45:31,252.0,0,0,0
487,52.84,900.32,16.1,12.44,2019-11-07 11:00:45,215.0,0,0,0
488,53.0,900.67,15.86,11.31,2019-11-07 11:15:58,203.0,0,0,0
489,53.22,900.89,15.57,10.31,2019-11-07 11:31:06,120.0,0,0,0
490,53.5,900.95,15.78,11.06,2019-11-07 11:46:19,195.0,0,0,0
491,53.86,900.89,15.49,11.12,2019-11-07 12:01:33,151.0,0,0,0
492,53.97,900.66,15.63,10.06,2019-11-07 12:16:47,132.0,0,0,0
493,54.68,900.58,14.99,10.5,2019-11-07 12:32:00,101.0,0,0,0
494,55.28,900.52,14.46,10.56,2019-11-07 12:47:14,174.0,0,0,0
495,55.41,900.13,14.22,9.81,2019-11-07 13:02:27,254.0,34082,49425,1
496,55.29,899.78,14.55,10.0,2019-11-07 13:17:41,264.0,35466,54143,1
497,55.26,899.15,14.68,11.5,2019-11-07 13:32:55,465.0,30504,53524,1
498,53.42,898.56,16.58,12.69,2019-11-07 13:48:08,654.0,36553,36732,1
499,53.74,898.03,16.78,12.31,2019-11-07 14:03:22,943.0,60474,85548,1
500,51.46,896.66,19.57,15.94,2019-11-07 14:47:39,1368.0,0,0,0
501,51.45,896.67,19.57,16.12,2019-11-07 14:47:40,992.0,51425,40011,1
502,50.85,896.34,19.96,15.25,2019-11-07 15:07:25,990.0,82937,72576,1
503,50.73,896.12,19.97,15.75,2019-11-07 15:22:41,1147.0,44574,38655,1
504,51.27,896.14,19.26,15.31,2019-11-07 15:37:54,717.0,66841,35221,1
505,50.87,895.88,19.39,15.62,2019-11-07 15:53:08,266.0,35776,22460,1
506,50.31,895.91,19.83,16.25,2019-11-07 15:47:39,220.0,0,0,0
507,50.29,895.85,19.83,15.81,2019-11-07 15:47:40,440.0,65663,44176,1
508,50.3,895.78,19.79,15.62,2019-11-07 16:46:26,440.0,0,0,0
509,50.38,895.85,19.58,15.5,2019-11-07 17:01:40,343.0,0,0,0
510,50.53,895.84,19.24,15.94,2019-11-07 17:16:54,145.0,0,0,0
511,57.27,901.54,15.87,12.62,2019-11-08 08:02:45,144.0,0,0,0
512,57.26,901.55,15.86,12.81,2019-11-08 08:02:46,582.0,0,0,0
513,57.22,902.58,16.54,12.12,2019-11-08 08:39:02,582.0,0,0,0
514,57.22,901.71,16.6,13.06,2019-11-08 09:24:30,209.0,0,0,0
515,57.21,901.72,16.62,13.19,2019-11-08 09:24:32,805.0,0,0,0
516,56.15,901.73,17.74,14.19,2019-11-08 09:39:45,805.0,0,0,0
517,54.4,901.62,19.36,14.31,2019-11-08 09:54:59,1535.0,0,0,0
518,53.55,901.44,20.55,15.94,2019-11-08 10:10:13,1774.0,0,0,0
519,52.44,901.34,21.79,16.19,2019-11-08 10:25:27,1967.0,0,0,0
520,50.17,901.36,24.19,17.88,2019-11-08 10:40:40,2190.0,0,0,0
521,51.18,901.18,23.77,17.12,2019-11-08 10:55:54,3163.0,0,0,0
522,49.1,901.01,25.92,18.44,2019-11-08 11:11:07,1329.0,0,0,0
523,50.53,900.85,24.99,17.38,2019-11-08 11:26:21,2206.0,0,0,0
524,43.98,900.71,30.36,21.25,2019-11-08 11:41:34,3530.0,0,0,0
525,49.45,900.71,26.37,18.19,2019-11-08 11:56:47,2228.0,0,0,0
526,41.91,900.31,32.78,21.94,2019-11-08 12:12:01,1095.0,0,0,0
527,43.13,900.03,32.06,20.12,2019-11-08 12:27:15,6956.0,0,0,0
528,45.83,899.98,29.64,19.06,2019-11-08 12:42:28,1102.0,0,0,0
529,48.84,899.58,27.44,19.94,2019-11-08 12:57:42,1167.0,0,0,0
530,51.3,899.51,24.82,18.12,2019-11-08 13:12:55,1608.0,58456,31207,1
531,52.36,899.6,23.41,17.44,2019-11-08 13:28:09,340.0,0,0,0
532,52.74,899.75,22.4,16.56,2019-11-08 13:43:22,135.0,107541,232392,1
533,52.99,899.77,21.59,17.56,2019-11-08 13:58:36,131.0,107220,254296,1
534,53.16,899.75,20.95,16.69,2019-11-08 14:13:49,879.0,99347,185214,1
535,53.66,899.56,20.91,17.31,2019-11-08 14:29:03,1045.0,116102,232918,1
536,52.46,899.62,22.17,17.81,2019-11-08 14:44:16,825.0,96428,143796,1
537,51.02,899.68,23.71,18.38,2019-11-08 14:59:30,689.0,122926,221743,1
538,51.43,899.42,23.11,18.75,2019-11-08 15:14:44,1224.0,146400,419395,1
539,51.62,899.53,22.61,18.44,2019-11-08 15:29:57,854.0,140009,290613,1
540,51.75,899.47,21.98,17.5,2019-11-08 15:45:11,386.0,111602,221367,1
541,51.76,899.42,21.66,18.06,2019-11-08 16:00:24,335.0,0,0,0
542,51.41,899.43,21.68,18.06,2019-11-08 16:15:38,314.0,0,0,0
543,51.17,899.47,21.66,17.81,2019-11-08 16:30:51,194.0,0,0,0
544,50.72,899.58,21.8,17.38,2019-11-08 16:46:05,252.0,0,0,0
545,51.05,899.73,21.45,17.75,2019-11-08 17:01:18,251.0,0,0,0
546,56.48,900.91,13.34,8.38,2019-11-09 07:04:01,113.0,0,0,0
547,56.47,900.8,13.33,9.0,2019-11-09 07:04:02,143.0,0,0,0
548,56.58,900.95,13.33,7.88,2019-11-09 07:55:39,143.0,0,0,0
549,55.99,900.92,13.94,9.38,2019-11-09 08:10:53,175.0,0,0,0
550,55.49,901.02,14.49,10.0,2019-11-09 08:26:06,364.0,0,0,0
551,54.35,901.12,15.82,10.88,2019-11-09 08:41:20,961.0,0,0,0
552,53.53,901.1,17.04,11.81,2019-11-09 08:56:33,1194.0,0,0,0
553,52.93,901.06,18.08,12.75,2019-11-09 09:11:47,1177.0,0,0,0
554,52.17,901.02,19.11,13.62,2019-11-09 09:27:01,1185.0,0,0,0
555,51.16,901.12,20.19,14.69,2019-11-09 09:42:14,1379.0,0,0,0
556,50.22,901.04,21.11,14.81,2019-11-09 09:57:29,1585.0,0,0,0
557,49.77,900.98,21.67,15.88,2019-11-09 10:12:42,1788.0,0,0,0
558,37.9,900.25,35.14,23.62,2019-11-09 10:47:40,6925.0,0,0,0
559,37.89,900.26,35.15,23.75,2019-11-09 10:47:41,6304.0,0,0,0
560,36.75,900.12,37.58,23.0,2019-11-09 11:25:09,6305.0,0,0,0
561,36.89,899.96,37.67,22.19,2019-11-09 11:40:23,6999.0,0,0,0
562,36.54,899.65,38.67,25.5,2019-11-09 11:55:36,6714.0,0,0,0
563,36.73,899.51,38.9,22.75,2019-11-09 12:10:50,6497.0,0,0,0
564,36.28,899.25,39.74,21.94,2019-11-09 12:25:57,7365.0,0,0,0
565,39.3,899.0,36.43,21.75,2019-11-09 12:41:11,6240.0,0,0,0
566,45.85,898.78,30.33,21.5,2019-11-09 12:56:25,2045.0,0,0,0
567,47.02,898.38,28.45,21.38,2019-11-09 13:11:39,1561.0,151694,288261,1
568,46.94,898.35,27.95,21.75,2019-11-09 13:26:52,1300.0,177024,342459,1
569,46.62,898.05,27.97,22.12,2019-11-09 13:42:00,1184.0,209283,392837,1
570,46.38,897.9,27.85,21.81,2019-11-09 13:57:07,1100.0,247012,450088,1
571,46.38,897.78,27.47,22.38,2019-11-09 14:12:21,1000.0,241257,437064,1
572,46.33,897.62,27.28,21.75,2019-11-09 14:27:34,914.0,220393,413482,1
573,46.27,897.59,27.32,21.44,2019-11-09 14:42:49,844.0,227910,425211,1
574,46.38,897.59,27.05,21.88,2019-11-09 14:58:03,780.0,213011,395356,1
575,46.39,897.56,26.7,21.44,2019-11-09 15:13:10,709.0,190657,325691,1
576,46.68,897.53,26.37,20.38,2019-11-09 15:28:24,625.0,176647,302629,1
577,47.33,897.5,25.72,19.81,2019-11-09 15:43:37,543.0,157570,251173,1
578,47.67,897.57,25.26,19.5,2019-11-09 15:58:45,462.0,141451,196935,1
579,48.16,897.54,24.59,18.88,2019-11-09 16:13:59,385.0,0,0,0
580,48.47,897.46,24.09,18.12,2019-11-09 16:29:06,306.0,0,0,0
581,49.12,897.44,23.32,16.81,2019-11-09 16:44:19,237.0,0,0,0
582,49.74,897.64,22.32,15.75,2019-11-09 16:59:33,165.0,0,0,0
583,56.7,900.13,12.69,8.12,2019-11-10 07:46:25,120.0,0,0,0
584,56.71,900.09,12.69,7.56,2019-11-10 07:46:26,150.0,0,0,0
585,56.73,900.19,12.71,8.5,2019-11-10 08:01:34,150.0,0,0,0
586,56.13,900.14,13.35,8.31,2019-11-10 08:16:41,190.0,0,0,0
587,54.97,900.05,14.54,9.38,2019-11-10 08:31:49,515.0,0,0,0
588,54.09,900.04,15.71,10.5,2019-11-10 08:46:56,1109.0,0,0,0
589,53.44,900.08,16.26,10.75,2019-11-10 09:02:03,1260.0,0,0,0
590,52.95,900.12,17.0,12.12,2019-11-10 09:17:11,1161.0,0,0,0
591,51.92,900.01,18.41,12.69,2019-11-10 09:32:18,1226.0,0,0,0
592,50.88,900.06,19.77,13.94,2019-11-10 09:47:26,1430.0,0,0,0
593,49.81,900.1,21.08,14.5,2019-11-10 10:02:39,1672.0,0,0,0
594,48.84,900.05,22.42,15.38,2019-11-10 10:17:52,1913.0,0,0,0
595,48.03,899.95,23.21,16.44,2019-11-10 10:33:06,2170.0,0,0,0
596,40.94,899.94,30.87,19.31,2019-11-10 10:48:19,4529.0,0,0,0
597,38.32,899.79,34.82,21.06,2019-11-10 11:03:33,6826.0,0,0,0
598,37.52,899.57,36.67,22.75,2019-11-10 11:18:46,6973.0,0,0,0
599,37.19,899.53,37.66,23.81,2019-11-10 11:34:00,6817.0,0,0,0
600,36.65,899.35,38.69,23.38,2019-11-10 11:49:13,6796.0,0,0,0
601,37.1,899.07,38.84,24.31,2019-11-10 12:04:27,6655.0,0,0,0
602,36.87,898.83,39.53,25.12,2019-11-10 12:19:40,6679.0,0,0,0
603,37.42,898.56,38.5,25.75,2019-11-10 12:34:54,6358.0,0,0,0
604,43.88,898.29,32.22,21.5,2019-11-10 12:50:07,5495.0,0,0,0
605,46.48,898.07,29.07,22.12,2019-11-10 13:05:21,1776.0,153402,226820,1
606,46.67,897.87,28.29,21.62,2019-11-10 13:20:34,1406.0,169643,258307,1
607,46.5,897.75,27.99,22.0,2019-11-10 13:35:48,1262.0,197059,297393,1
608,46.28,897.6,27.85,21.12,2019-11-10 13:51:01,1172.0,222511,334292,1
609,46.11,897.52,27.76,21.81,2019-11-10 14:06:15,1083.0,231277,328214,1
610,46.22,897.38,27.41,21.12,2019-11-10 14:21:28,989.0,213545,324530,1
611,46.3,897.03,27.02,21.31,2019-11-10 14:36:42,913.0,199268,286730,1
612,46.29,896.97,26.74,21.12,2019-11-10 14:51:55,838.0,186213,260040,1
613,46.36,896.88,26.7,20.44,2019-11-10 15:07:09,765.0,183147,246573,1
614,46.56,896.89,26.35,20.25,2019-11-10 15:22:22,691.0,173555,222053,1
615,46.73,896.79,26.02,19.94,2019-11-10 15:37:36,615.0,159890,189632,1
616,46.91,896.9,25.57,20.25,2019-11-10 15:52:49,534.0,151868,161019,1
617,47.29,897.0,25.11,19.31,2019-11-10 16:08:03,450.0,0,0,0
618,47.71,897.08,24.64,17.88,2019-11-10 16:23:16,364.0,0,0,0
619,48.34,897.19,23.82,18.06,2019-11-10 16:38:30,285.0,0,0,0
620,49.05,897.07,23.02,17.38,2019-11-10 16:53:43,213.0,0,0,0
621,49.56,897.18,22.27,16.69,2019-11-10 17:08:58,133.0,0,0,0
622,56.35,897.7,13.72,8.0,2019-11-11 07:40:51,126.0,0,0,0
623,56.34,897.73,13.72,8.81,2019-11-11 07:40:53,187.0,0,0,0
624,56.17,897.83,14.04,8.94,2019-11-11 07:56:06,187.0,0,0,0
625,55.6,898.15,14.5,9.19,2019-11-11 08:11:20,337.0,0,0,0
626,54.56,898.4,15.65,9.81,2019-11-11 08:26:33,404.0,0,0,0
627,54.1,898.33,16.18,10.62,2019-11-11 08:41:47,602.0,0,0,0
628,53.8,898.44,16.77,11.06,2019-11-11 08:57:00,686.0,0,0,0
629,53.49,898.51,17.42,11.44,2019-11-11 09:12:14,625.0,0,0,0
630,52.15,898.75,18.9,12.56,2019-11-11 09:27:28,790.0,0,0,0
631,51.65,898.71,19.54,13.0,2019-11-11 09:42:41,963.0,0,0,0
632,51.56,898.83,19.94,13.0,2019-11-11 09:57:55,1026.0,0,0,0
633,50.92,899.06,20.66,13.38,2019-11-11 10:13:08,932.0,0,0,0
634,50.18,898.88,21.59,14.62,2019-11-11 10:28:23,1134.0,0,0,0
635,49.68,898.95,22.51,15.81,2019-11-11 10:43:37,1515.0,0,0,0
636,47.39,898.84,24.63,17.88,2019-11-11 10:58:50,1602.0,0,0,0
637,47.73,898.73,24.74,16.12,2019-11-11 11:14:04,4445.0,0,0,0
638,48.71,898.63,24.52,16.81,2019-11-11 11:29:17,1201.0,0,0,0
639,49.1,898.5,24.15,16.12,2019-11-11 11:44:31,1142.0,0,0,0
640,49.01,898.26,24.08,16.69,2019-11-11 11:59:44,1042.0,0,0,0
641,49.08,898.15,24.04,16.69,2019-11-11 12:14:58,1022.0,0,0,0
642,48.61,898.06,24.36,17.12,2019-11-11 12:30:12,1039.0,0,0,0
643,48.93,897.92,24.05,17.12,2019-11-11 12:45:25,1194.0,0,0,0
644,48.6,897.95,24.32,17.12,2019-11-11 13:00:39,989.0,111332,74816,1
645,48.03,897.85,25.08,17.25,2019-11-11 13:15:52,1205.0,125143,95482,1
646,47.91,897.82,25.27,17.38,2019-11-11 13:31:06,1121.0,120273,80660,1
647,48.11,897.67,24.79,16.94,2019-11-11 13:46:19,1034.0,117332,78233,1
648,47.89,897.41,25.23,18.06,2019-11-11 14:01:33,1019.0,124065,83564,1
649,47.58,897.17,25.74,18.0,2019-11-11 14:16:46,1173.0,128966,90823,1
650,47.77,896.93,25.48,18.25,2019-11-11 14:32:00,1048.0,116529,70646,1
651,47.88,896.81,25.37,18.25,2019-11-11 14:47:13,1075.0,109448,65058,1
652,48.35,896.92,24.79,17.19,2019-11-11 15:02:27,960.0,114778,63106,1
653,48.93,896.82,24.2,17.56,2019-11-11 15:17:40,722.0,117644,67123,1
654,49.21,897.03,23.93,17.44,2019-11-11 15:32:54,591.0,121807,63598,1
655,49.65,897.01,23.23,16.88,2019-11-11 15:48:07,521.0,124696,63122,1
656,50.38,896.7,22.56,16.5,2019-11-11 16:03:21,385.0,0,0,0
657,50.76,896.66,22.03,16.44,2019-11-11 16:18:34,324.0,0,0,0
658,50.93,896.61,21.59,15.62,2019-11-11 16:33:48,313.0,0,0,0
659,51.27,896.78,21.18,15.19,2019-11-11 16:49:02,235.0,0,0,0
660,51.74,897.0,20.79,14.19,2019-11-11 17:04:15,121.0,0,0,0
661,56.69,899.1,13.14,8.0,2019-11-12 07:36:07,138.0,0,0,0
662,56.7,899.07,13.14,7.56,2019-11-12 07:36:08,215.0,0,0,0
663,56.68,899.27,13.49,8.5,2019-11-12 07:51:16,215.0,0,0,0
664,55.33,899.62,14.8,9.88,2019-11-12 07:47:31,515.0,0,0,0
665,55.31,899.6,14.8,9.94,2019-11-12 07:47:32,562.0,0,0,0
666,54.71,899.64,15.52,9.5,2019-11-12 08:02:40,565.0,0,0,0
667,53.87,899.88,16.62,11.5,2019-11-12 08:17:47,862.0,0,0,0
668,52.82,899.91,18.29,12.81,2019-11-12 09:19:16,1275.0,0,0,0
669,51.74,899.85,19.81,13.31,2019-11-12 09:34:29,1113.0,0,0,0
670,50.73,899.95,20.96,14.25,2019-11-12 09:49:43,1366.0,0,0,0
671,49.72,900.0,22.19,15.38,2019-11-12 10:04:57,1607.0,0,0,0
672,48.32,899.97,23.8,16.38,2019-11-12 10:20:10,1592.0,0,0,0
673,46.33,899.91,25.55,17.56,2019-11-12 10:35:24,2237.0,0,0,0
674,43.74,899.57,29.13,19.81,2019-11-12 10:50:37,5952.0,0,0,0
675,41.52,899.55,31.83,20.94,2019-11-12 11:05:51,3111.0,0,0,0
676,39.37,899.46,34.62,23.5,2019-11-12 11:21:04,6164.0,0,0,0
677,37.52,899.16,37.32,24.19,2019-11-12 11:36:18,7027.0,0,0,0
678,37.71,899.0,37.38,24.44,2019-11-12 11:51:31,6703.0,0,0,0
679,39.56,898.8,35.75,24.19,2019-11-12 12:06:45,6804.0,0,0,0
680,39.67,898.61,35.86,23.0,2019-11-12 12:21:58,4423.0,0,0,0
681,40.4,898.36,35.32,23.0,2019-11-12 12:37:12,3719.0,0,0,0
682,44.63,897.95,31.55,22.12,2019-11-12 12:52:25,2046.0,0,0,0
683,46.1,897.84,29.76,21.25,2019-11-12 13:07:39,1663.0,139552,92100,1
684,45.97,897.65,29.59,22.12,2019-11-12 13:22:53,1828.0,128362,85999,1
685,45.39,897.51,29.74,21.62,2019-11-12 13:38:07,1660.0,134511,81362,1
686,45.54,897.46,29.56,21.56,2019-11-12 13:53:20,1498.0,130682,79907,1
687,45.87,897.29,29.01,22.06,2019-11-12 14:08:34,1314.0,149390,113107,1
688,45.86,897.28,28.78,21.56,2019-11-12 14:23:48,1010.0,127542,65164,1
689,46.47,897.28,27.98,21.06,2019-11-12 14:39:02,1226.0,123893,65806,1
690,47.13,897.22,27.06,20.56,2019-11-12 14:54:15,1107.0,110801,47242,1
691,47.32,897.21,26.7,19.94,2019-11-12 15:09:29,957.0,121864,54117,1
692,47.41,897.15,26.53,19.19,2019-11-12 15:24:42,986.0,0,0,0
693,48.02,897.32,25.96,19.56,2019-11-12 15:39:56,747.0,0,0,0
694,48.32,897.33,25.64,19.19,2019-11-12 15:55:09,648.0,144774,71381,1
695,48.79,897.33,24.94,17.81,2019-11-12 16:10:23,459.0,0,0,0
696,49.28,897.43,24.34,17.62,2019-11-12 16:25:36,430.0,0,0,0
697,49.71,897.34,23.75,17.25,2019-11-12 16:40:50,260.0,0,0,0
698,50.21,897.37,22.84,16.81,2019-11-12 16:56:03,179.0,0,0,0
699,50.93,897.49,22.01,15.31,2019-11-12 17:11:17,109.0,0,0,0
700,55.15,901.57,14.96,9.12,2019-11-13 07:45:40,160.0,0,0,0
701,55.14,901.57,14.96,9.81,2019-11-13 07:45:41,265.0,0,0,0
702,54.96,901.75,15.1,9.31,2019-11-13 08:00:55,265.0,0,0,0
703,54.52,902.09,15.69,10.38,2019-11-13 08:16:08,288.0,0,0,0
704,54.14,902.26,16.29,10.44,2019-11-13 08:31:22,393.0,0,0,0
705,54.08,902.25,16.6,10.88,2019-11-13 08:46:35,322.0,0,0,0
706,53.07,902.47,17.76,11.94,2019-11-13 09:01:49,405.0,0,0,0
707,49.62,902.86,22.56,14.62,2019-11-13 08:47:39,1193.0,0,0,0
708,49.59,902.88,22.55,14.81,2019-11-13 08:47:40,1295.0,0,0,0
709,48.87,902.6,23.82,15.62,2019-11-13 10:48:26,1296.0,0,0,0
710,47.8,902.45,25.33,17.5,2019-11-13 11:03:39,1388.0,0,0,0
711,47.95,902.07,25.44,16.88,2019-11-13 11:18:54,2101.0,0,0,0
712,45.4,901.56,28.09,17.88,2019-11-13 11:47:39,2204.0,0,0,0
713,45.41,901.52,27.85,18.5,2019-11-13 11:47:40,1901.0,0,0,0
714,45.76,901.52,27.76,18.56,2019-11-13 12:19:50,1900.0,0,0,0
715,43.25,901.35,30.68,20.62,2019-11-13 12:35:03,1597.0,0,0,0
716,46.76,901.08,27.83,19.5,2019-11-13 12:50:18,2398.0,0,0,0
717,47.15,900.8,27.19,19.38,2019-11-13 13:05:32,1437.0,123329,84982,1
718,47.37,900.66,26.78,19.62,2019-11-13 13:20:45,1442.0,105842,57297,1
719,46.9,900.51,27.36,20.19,2019-11-13 13:35:59,1329.0,117731,61830,1
720,46.98,900.44,27.2,19.75,2019-11-13 13:51:12,1264.0,121274,66255,1
721,46.68,900.18,27.36,19.75,2019-11-13 14:06:26,1063.0,119896,53123,1
722,47.06,900.29,26.94,19.88,2019-11-13 14:21:39,1303.0,112858,41279,1
723,46.96,900.09,27.12,19.56,2019-11-13 14:36:53,936.0,94764,37887,1
724,47.7,899.95,26.37,18.88,2019-11-13 14:52:06,1122.0,139739,59825,1
725,48.43,899.99,25.55,18.44,2019-11-13 15:07:20,857.0,0,0,0
726,48.78,899.91,25.12,18.31,2019-11-13 15:22:33,608.0,0,0,0
727,48.95,899.87,24.9,18.31,2019-11-13 15:37:47,669.0,0,0,0
728,49.29,899.9,24.76,18.25,2019-11-13 15:53:01,691.0,0,0,0
729,49.54,899.91,24.44,17.44,2019-11-13 16:08:14,512.0,0,0,0
730,50.21,899.86,23.62,16.5,2019-11-13 16:23:29,411.0,0,0,0
731,50.55,899.89,23.17,16.56,2019-11-13 16:38:42,299.0,0,0,0
732,51.05,899.83,22.36,15.62,2019-11-13 16:53:56,229.0,0,0,0
733,51.77,899.89,21.45,15.31,2019-11-13 17:09:09,114.0,0,0,0
734,55.08,903.14,16.1,10.75,2019-11-14 07:41:00,120.0,0,0,0
735,55.06,903.18,16.11,11.0,2019-11-14 07:41:02,190.0,0,0,0
736,54.49,903.35,16.97,11.25,2019-11-14 07:56:15,190.0,0,0,0
737,54.25,903.31,17.24,11.31,2019-11-14 08:11:29,271.0,0,0,0
738,53.72,903.39,17.63,11.5,2019-11-14 08:26:42,380.0,0,0,0
739,53.15,903.69,18.57,12.94,2019-11-14 08:41:56,445.0,0,0,0
740,52.86,903.8,19.26,12.94,2019-11-14 08:57:09,529.0,0,0,0
741,53.1,903.9,19.34,12.88,2019-11-14 09:12:23,385.0,0,0,0
742,53.59,904.32,18.79,12.88,2019-11-14 09:27:36,382.0,0,0,0
743,53.97,904.65,18.39,12.81,2019-11-14 09:42:50,276.0,0,0,0
744,54.09,904.61,17.96,12.88,2019-11-14 09:58:03,250.0,0,0,0
745,53.42,904.52,18.58,14.0,2019-11-14 10:13:17,326.0,0,0,0
746,52.7,904.39,19.59,14.69,2019-11-14 10:28:30,675.0,0,0,0
747,52.26,904.42,20.1,14.56,2019-11-14 10:43:44,549.0,0,0,0
748,52.02,904.35,20.33,15.0,2019-11-14 10:58:57,565.0,0,0,0
749,51.93,903.97,20.43,15.0,2019-11-14 11:14:11,684.0,0,0,0
750,51.24,903.72,21.24,15.12,2019-11-14 11:29:24,742.0,0,0,0
751,50.93,903.64,21.72,16.19,2019-11-14 11:44:38,853.0,0,0,0
752,51.0,903.25,21.85,15.31,2019-11-14 11:59:51,685.0,0,0,0
753,50.97,902.69,22.06,15.56,2019-11-14 12:15:05,530.0,0,0,0
754,51.52,901.74,21.44,15.38,2019-11-14 12:30:18,525.0,0,0,0
755,51.71,901.29,21.06,15.62,2019-11-14 12:45:32,365.0,0,0,0
756,50.37,901.3,22.38,17.06,2019-11-14 13:00:45,598.0,132899,59940,1
757,49.17,900.94,23.54,17.44,2019-11-14 13:15:59,1018.0,123034,52602,1
758,48.67,900.49,24.03,17.5,2019-11-14 13:31:12,1115.0,117110,41429,1
759,48.75,900.51,23.96,18.06,2019-11-14 13:46:26,1038.0,114874,51440,1
760,47.32,900.26,25.37,19.0,2019-11-14 14:01:39,1221.0,159333,76040,1
761,47.41,900.07,25.45,19.25,2019-11-14 14:16:53,1570.0,125236,52499,1
762,47.68,900.11,25.22,18.25,2019-11-14 14:32:07,1309.0,110895,42953,1
763,47.9,900.2,25.13,19.0,2019-11-14 14:47:20,1045.0,111688,40571,1
764,48.21,900.29,24.9,18.75,2019-11-14 15:02:34,816.0,115447,38061,1
765,48.76,900.32,24.37,17.81,2019-11-14 15:17:47,731.0,97720,25625,1
766,50.43,900.41,22.78,16.94,2019-11-14 15:47:38,362.0,0,0,0
767,50.43,900.4,22.77,16.88,2019-11-14 15:47:40,360.0,110447,24907,1
768,50.55,900.48,22.61,15.75,2019-11-14 16:07:43,360.0,0,0,0
769,50.73,900.75,22.33,15.88,2019-11-14 16:22:56,239.0,0,0,0
770,51.26,900.9,21.92,14.81,2019-11-14 16:38:10,240.0,0,0,0
771,51.93,900.97,21.24,15.06,2019-11-14 16:53:23,110.0,0,0,0
772,52.8,901.53,18.89,13.75,2019-11-15 06:02:38,129.0,0,0,0
773,52.81,901.52,18.91,13.88,2019-11-15 06:02:40,165.0,0,0,0
774,52.9,901.42,18.76,13.94,2019-11-15 06:17:47,165.0,0,0,0
775,52.95,901.56,18.83,13.69,2019-11-15 06:32:54,243.0,0,0,0
776,52.79,901.48,18.92,14.0,2019-11-15 06:48:02,242.0,0,0,0
777,52.73,901.66,19.07,14.12,2019-11-15 07:03:09,283.0,0,0,0
778,52.45,901.97,19.22,14.88,2019-11-15 07:18:16,451.0,0,0,0
779,51.72,901.99,20.16,16.0,2019-11-15 07:33:24,479.0,0,0,0
780,51.17,902.2,20.74,15.0,2019-11-15 09:33:42,561.0,0,0,0
781,50.9,902.37,21.17,16.56,2019-11-15 09:48:56,719.0,0,0,0
782,50.8,901.93,21.52,16.19,2019-11-15 10:04:03,672.0,0,0,0
783,50.81,902.24,21.58,16.0,2019-11-15 10:19:17,583.0,0,0,0
784,50.87,902.31,21.64,16.0,2019-11-15 10:34:31,590.0,0,0,0
785,50.48,902.48,22.15,16.44,2019-11-15 10:49:45,571.0,0,0,0
786,50.58,902.57,22.25,16.88,2019-11-15 11:04:58,584.0,0,0,0
787,46.87,902.23,25.2,19.12,2019-11-15 11:20:13,753.0,0,0,0
788,47.8,902.05,25.32,18.44,2019-11-15 11:35:26,1854.0,0,0,0
789,48.88,902.04,24.56,17.5,2019-11-15 11:50:40,746.0,0,0,0
790,47.58,901.78,25.75,19.38,2019-11-15 12:05:55,1032.0,0,0,0
791,42.91,901.4,30.24,21.5,2019-11-15 12:21:08,1755.0,0,0,0
792,41.23,900.84,32.38,22.81,2019-11-15 12:36:22,3065.0,0,0,0
793,43.85,900.44,30.53,23.38,2019-11-15 12:51:36,3072.0,0,0,0
794,44.17,899.77,29.83,23.38,2019-11-15 12:47:39,1902.0,0,0,0
795,44.16,899.78,29.83,23.56,2019-11-15 12:47:40,1472.0,0,0,0
796,45.28,899.97,28.63,21.25,2019-11-15 14:05:33,1471.0,59282,34626,1
797,47.14,899.95,25.9,20.06,2019-11-15 14:47:39,929.0,0,0,0
798,47.14,899.84,25.9,20.19,2019-11-15 14:47:40,892.0,41519,21211,1
799,47.09,899.91,26.0,20.19,2019-11-15 15:07:51,893.0,44705,20089,1
800,47.0,899.74,26.42,19.69,2019-11-15 15:23:06,795.0,55626,21943,1
801,47.47,899.74,25.98,18.94,2019-11-15 15:38:19,657.0,72519,24537,1
802,47.82,899.72,25.77,19.38,2019-11-15 15:53:33,555.0,89727,29879,1
803,48.52,899.65,25.04,18.44,2019-11-15 16:08:46,426.0,0,0,0
804,48.93,899.75,24.58,18.0,2019-11-15 16:24:00,353.0,0,0,0
805,49.26,899.79,24.16,16.94,2019-11-15 16:39:13,230.0,0,0,0
806,49.77,899.86,23.62,17.19,2019-11-15 16:54:27,220.0,0,0,0
807,55.25,901.37,16.86,11.62,2019-11-16 07:41:20,112.0,0,0,0
808,54.98,902.01,17.43,11.88,2019-11-16 08:26:36,119.0,0,0,0
809,54.97,901.98,17.43,12.62,2019-11-16 08:26:38,175.0,0,0,0
810,55.32,901.89,17.21,12.75,2019-11-16 08:41:51,175.0,0,0,0
811,55.2,902.28,17.4,13.06,2019-11-16 08:57:05,225.0,0,0,0
812,53.88,902.33,18.86,13.94,2019-11-16 09:12:18,335.0,0,0,0
813,52.66,902.56,20.16,13.94,2019-11-16 09:27:32,630.0,0,0,0
814,51.84,902.78,21.45,15.38,2019-11-16 09:42:45,779.0,0,0,0
815,49.54,902.79,23.28,15.94,2019-11-16 09:58:00,973.0,0,0,0
816,48.41,902.64,24.49,17.5,2019-11-16 10:13:13,2345.0,0,0,0
817,46.78,902.51,26.23,18.75,2019-11-16 10:28:27,2402.0,0,0,0
818,42.22,902.36,31.4,22.75,2019-11-16 10:43:40,2800.0,0,0,0
819,38.84,902.19,35.76,24.0,2019-11-16 10:58:54,6128.0,0,0,0
820,37.98,901.94,37.54,23.69,2019-11-16 11:14:07,6231.0,0,0,0
821,37.87,901.92,37.89,23.31,2019-11-16 11:29:21,5340.0,0,0,0
822,37.87,901.62,37.69,24.06,2019-11-16 11:44:34,6647.0,0,0,0
823,38.74,901.34,36.59,23.31,2019-11-16 11:59:48,6664.0,0,0,0
824,37.89,901.12,37.5,25.12,2019-11-16 12:15:01,4873.0,0,0,0
825,37.41,900.8,38.14,24.81,2019-11-16 12:30:15,6575.0,0,0,0
826,40.65,900.46,34.92,23.0,2019-11-16 12:45:29,6120.0,0,0,0
827,44.44,900.41,30.96,22.56,2019-11-16 13:00:43,2436.0,0,0,0
828,44.95,900.22,30.02,22.69,2019-11-16 13:15:56,1898.0,0,0,0
829,44.66,900.17,29.67,22.12,2019-11-16 13:31:10,1970.0,0,0,0
830,44.86,900.32,29.15,21.31,2019-11-16 13:46:23,1615.0,0,0,0
831,45.38,900.56,28.55,21.75,2019-11-16 14:01:37,1422.0,0,0,0
832,45.87,900.52,26.86,20.69,2019-11-16 13:47:39,1235.0,0,0,0
833,45.87,900.51,26.85,20.06,2019-11-16 13:47:40,1048.0,0,0,0
834,46.74,900.61,25.98,20.06,2019-11-16 14:55:39,1045.0,0,0,0
835,46.94,900.13,25.37,19.75,2019-11-16 15:10:52,760.0,0,0,0
836,47.0,900.51,25.57,19.44,2019-11-16 15:26:07,862.0,0,0,0
837,46.72,900.48,25.7,19.75,2019-11-16 15:41:20,604.0,0,0,0
838,47.03,900.83,25.05,19.56,2019-11-16 15:56:34,669.0,0,0,0
839,47.75,901.11,24.46,18.75,2019-11-16 16:11:47,426.0,0,0,0
840,47.95,901.27,23.96,18.62,2019-11-16 16:27:03,188.0,0,0,0
841,48.4,901.62,23.57,17.75,2019-11-16 16:42:16,250.0,0,0,0
842,48.64,902.01,23.02,17.75,2019-11-16 16:57:30,114.0,0,0,0
843,54.29,901.7,13.12,8.5,2019-11-17 06:48:04,113.0,0,0,0
844,54.32,901.65,13.12,8.69,2019-11-17 06:48:06,145.0,0,0,0
845,54.08,901.73,13.53,8.94,2019-11-17 07:03:13,145.0,0,0,0
846,53.99,901.71,13.81,8.62,2019-11-17 07:18:21,177.0,0,0,0
847,52.96,901.67,14.94,9.94,2019-11-17 07:33:28,269.0,0,0,0
848,51.82,901.72,16.01,10.06,2019-11-17 07:48:36,785.0,0,0,0
849,51.29,901.57,16.9,11.81,2019-11-17 08:03:43,1213.0,0,0,0
850,50.73,901.54,17.91,13.12,2019-11-17 08:18:50,1125.0,0,0,0
851,49.99,901.48,18.83,13.81,2019-11-17 09:30:10,1051.0,0,0,0
852,48.61,901.44,20.41,14.56,2019-11-17 09:45:23,1188.0,0,0,0
853,47.31,901.44,21.89,16.25,2019-11-17 10:00:37,1474.0,0,0,0
854,46.08,901.42,23.16,16.94,2019-11-17 10:15:50,1894.0,0,0,0
855,45.01,901.39,24.41,18.0,2019-11-17 10:31:04,2340.0,0,0,0
856,34.22,900.96,40.0,24.94,2019-11-17 10:47:39,7530.0,0,0,0
857,34.22,900.98,40.01,25.06,2019-11-17 10:47:40,7497.0,0,0,0
858,34.19,900.79,40.55,24.62,2019-11-17 11:59:35,7502.0,0,0,0
859,34.27,900.49,40.8,24.56,2019-11-17 12:14:48,7115.0,0,0,0
860,34.53,900.17,40.38,27.0,2019-11-17 12:30:02,6820.0,0,0,0
861,38.42,899.75,36.29,20.69,2019-11-17 12:45:15,6226.0,0,0,0
862,43.71,899.53,31.1,22.56,2019-11-17 13:00:29,2262.0,134296,95381,1
863,44.59,898.92,27.81,22.0,2019-11-17 12:47:40,1319.0,0,0,0
864,44.61,898.99,27.81,22.06,2019-11-17 12:47:41,1202.0,0,0,0
865,44.34,898.88,27.9,22.19,2019-11-17 14:00:18,1202.0,381147,313221,1
866,44.16,898.81,27.92,22.5,2019-11-17 14:15:33,1069.0,394154,313177,1
867,44.08,898.55,27.72,22.06,2019-11-17 14:30:46,954.0,383242,254366,1
868,44.13,898.41,27.56,21.69,2019-11-17 14:46:00,868.0,347493,200916,1
869,44.27,898.3,27.16,21.12,2019-11-17 15:01:13,793.0,326642,138677,1
870,44.73,898.19,26.5,20.88,2019-11-17 15:16:27,716.0,320117,124761,1
871,44.94,898.1,26.14,20.44,2019-11-17 15:31:40,640.0,271616,74120,1
872,45.13,897.88,25.88,20.12,2019-11-17 15:46:54,547.0,216141,46395,1
873,45.42,897.68,25.41,19.19,2019-11-17 16:02:07,459.0,0,0,0
874,45.95,897.75,24.77,18.88,2019-11-17 16:17:21,377.0,0,0,0
875,46.47,897.71,23.97,18.06,2019-11-17 16:32:34,300.0,0,0,0
876,47.05,897.61,23.16,17.38,2019-11-17 16:47:48,222.0,0,0,0
877,47.81,897.59,21.89,15.94,2019-11-17 17:03:02,130.0,0,0,0
878,54.73,899.65,11.64,7.25,2019-11-18 07:49:53,117.0,0,0,0
879,54.74,899.58,11.63,6.75,2019-11-18 07:49:55,146.0,0,0,0
880,54.53,899.74,12.01,7.06,2019-11-18 08:05:09,146.0,0,0,0
881,54.11,899.85,12.5,6.88,2019-11-18 08:20:23,181.0,0,0,0
882,53.15,899.86,13.67,7.81,2019-11-18 08:35:36,447.0,0,0,0
883,51.95,899.87,14.86,8.94,2019-11-18 08:50:50,950.0,0,0,0
884,51.39,899.76,15.84,10.19,2019-11-18 09:06:03,1241.0,0,0,0
885,50.99,899.83,16.59,11.0,2019-11-18 09:21:17,1045.0,0,0,0
886,50.09,899.8,17.65,11.31,2019-11-18 09:36:30,1020.0,0,0,0
887,48.63,899.8,19.23,13.06,2019-11-18 09:51:44,1229.0,0,0,0
888,45.24,899.48,22.82,15.44,2019-11-18 09:47:40,2351.0,0,0,0
889,45.26,899.48,22.83,15.5,2019-11-18 09:47:41,2556.0,0,0,0
890,38.81,899.57,30.26,19.5,2019-11-18 10:47:03,2557.0,0,0,0
891,35.59,899.4,35.09,20.31,2019-11-18 11:02:17,6565.0,0,0,0
892,34.71,899.23,37.09,21.19,2019-11-18 11:17:30,7037.0,0,0,0
893,34.63,898.99,37.78,22.38,2019-11-18 11:32:44,6997.0,0,0,0
894,34.29,898.56,38.69,21.38,2019-11-18 11:47:57,7564.0,0,0,0
895,34.03,898.38,39.53,24.31,2019-11-18 12:03:11,7511.0,0,0,0
896,34.0,898.2,39.82,23.62,2019-11-18 12:18:24,6988.0,0,0,0
897,34.44,897.99,39.68,23.19,2019-11-18 12:33:38,6875.0,0,0,0
898,39.98,897.74,33.95,21.44,2019-11-18 12:48:51,5828.0,0,0,0
899,44.61,897.48,28.94,20.12,2019-11-18 13:04:06,2157.0,127823,136082,1
900,45.39,897.18,27.5,21.12,2019-11-18 13:19:20,1605.0,206540,213617,1
901,45.01,897.04,27.28,20.5,2019-11-18 13:34:33,1415.0,270574,288601,1
902,44.82,896.8,27.15,21.12,2019-11-18 13:49:46,1291.0,357841,367842,1
903,44.62,896.67,27.21,21.06,2019-11-18 14:05:00,1170.0,383643,357108,1
904,44.59,896.54,26.87,20.69,2019-11-18 14:20:14,1036.0,361624,320593,1
905,44.77,896.27,26.53,20.0,2019-11-18 14:35:27,944.0,334401,240790,1
906,44.67,896.31,26.39,20.56,2019-11-18 14:50:42,864.0,314647,204584,1
907,44.76,896.12,26.03,20.62,2019-11-18 15:05:55,787.0,313300,173527,1
908,44.86,895.98,25.92,20.0,2019-11-18 15:21:09,705.0,285894,143850,1
909,45.07,895.93,25.58,19.69,2019-11-18 15:36:23,622.0,202561,63613,1
910,45.35,895.92,25.06,18.56,2019-11-18 15:51:37,527.0,118244,23823,1
911,46.01,896.03,24.28,18.88,2019-11-18 16:06:51,452.0,0,0,0
912,46.18,896.15,23.92,18.19,2019-11-18 16:22:05,371.0,0,0,0
913,46.71,896.22,23.21,16.75,2019-11-18 16:37:20,283.0,0,0,0
914,47.31,896.4,22.36,15.56,2019-11-18 16:52:33,213.0,0,0,0
915,47.97,896.53,21.37,16.94,2019-11-18 17:07:47,122.0,0,0,0
916,54.52,899.97,11.59,6.5,2019-11-19 07:54:40,130.0,0,0,0
917,54.53,900.0,11.59,6.75,2019-11-19 07:54:42,163.0,0,0,0
918,53.77,900.16,12.74,7.5,2019-11-19 07:47:31,229.0,0,0,0
919,53.77,900.14,12.75,7.12,2019-11-19 07:47:33,627.0,0,0,0
920,52.57,900.18,14.06,8.62,2019-11-19 08:44:24,628.0,0,0,0
921,51.75,900.18,15.31,9.5,2019-11-19 08:59:38,1138.0,0,0,0
922,51.05,900.22,16.27,10.38,2019-11-19 09:14:51,1080.0,0,0,0
923,50.48,900.23,17.07,10.88,2019-11-19 09:30:05,1022.0,0,0,0
924,49.57,900.17,18.26,11.56,2019-11-19 09:45:18,1079.0,0,0,0
925,48.38,899.89,19.62,13.25,2019-11-19 10:00:32,1390.0,0,0,0
926,47.07,899.75,20.68,13.81,2019-11-19 10:15:45,1789.0,0,0,0
927,45.73,899.43,22.19,15.06,2019-11-19 10:30:59,2341.0,0,0,0
928,40.93,899.11,27.82,17.19,2019-11-19 10:46:13,2638.0,0,0,0
929,37.09,898.95,32.62,20.19,2019-11-19 11:01:27,5529.0,0,0,0
930,37.1,898.76,33.89,20.25,2019-11-19 11:16:40,6363.0,0,0,0
931,36.81,898.62,35.14,18.44,2019-11-19 11:31:54,5795.0,0,0,0
932,38.03,898.6,34.08,21.19,2019-11-19 11:47:07,3808.0,0,0,0
933,37.92,898.2,34.53,22.12,2019-11-19 12:02:21,6793.0,0,0,0
934,36.17,898.03,36.73,23.38,2019-11-19 12:17:34,4915.0,0,0,0
935,37.39,897.91,35.66,22.69,2019-11-19 12:32:48,5123.0,0,0,0
936,41.25,897.55,31.92,19.88,2019-11-19 12:48:01,4865.0,0,0,0
937,43.75,897.35,29.4,20.5,2019-11-19 13:03:15,1932.0,11216,6407,1
938,43.77,897.29,28.82,20.81,2019-11-19 13:18:29,1862.0,46269,32511,1
939,44.59,897.3,27.69,20.69,2019-11-19 13:33:42,1458.0,81559,84200,1
940,44.39,897.07,27.32,20.88,2019-11-19 13:48:56,901.0,82287,35166,1
941,43.56,896.93,27.46,21.19,2019-11-19 14:04:09,1294.0,75142,46998,1
942,44.29,896.78,26.27,20.31,2019-11-19 14:19:24,1249.0,71434,27447,1
943,44.45,896.63,25.76,20.56,2019-11-19 14:34:37,1060.0,98925,49284,1
944,45.09,896.49,25.07,18.94,2019-11-19 14:49:52,820.0,53118,13947,1
945,45.06,896.53,25.14,19.62,2019-11-19 15:05:07,881.0,43789,10229,1
946,45.26,896.55,24.78,18.69,2019-11-19 15:20:21,686.0,111879,45645,1
947,46.34,896.55,23.58,17.5,2019-11-19 15:35:35,693.0,3575,3416,1
948,46.75,896.66,22.93,16.44,2019-11-19 15:50:50,388.0,4712,3477,1
949,47.17,896.76,22.24,16.56,2019-11-19 16:06:04,297.0,0,0,0
950,47.0,896.72,22.11,16.25,2019-11-19 16:21:18,353.0,0,0,0
951,47.22,896.72,21.84,15.56,2019-11-19 16:36:31,382.0,0,0,0
952,47.39,896.61,21.57,15.62,2019-11-19 16:51:45,265.0,0,0,0
953,48.04,896.59,20.73,16.0,2019-11-19 17:06:58,160.0,0,0,0
954,53.89,899.45,12.45,7.12,2019-11-20 07:38:49,125.0,0,0,0
955,53.89,899.52,12.46,7.19,2019-11-20 07:38:50,215.0,0,0,0
956,53.75,899.59,12.86,6.81,2019-11-20 07:54:03,216.0,0,0,0
957,53.46,899.67,13.23,7.25,2019-11-20 08:09:18,310.0,0,0,0
958,53.0,899.82,14.0,7.88,2019-11-20 08:24:32,368.0,0,0,0
959,51.92,899.96,15.17,9.06,2019-11-20 08:39:45,526.0,0,0,0
960,51.22,900.12,16.26,10.06,2019-11-20 08:54:59,955.0,0,0,0
961,50.58,900.0,17.01,10.81,2019-11-20 09:10:12,987.0,0,0,0
962,50.33,899.86,17.55,11.5,2019-11-20 09:25:26,1003.0,0,0,0
963,49.52,899.94,18.7,11.94,2019-11-20 09:40:39,978.0,0,0,0
964,48.44,900.19,19.72,12.56,2019-11-20 09:55:53,1257.0,0,0,0
965,46.95,900.4,21.29,14.19,2019-11-20 10:11:06,1488.0,0,0,0
966,46.5,900.43,22.56,15.31,2019-11-20 10:26:20,2217.0,0,0,0
967,44.95,900.15,24.4,17.06,2019-11-20 10:41:33,1755.0,0,0,0
968,43.36,899.99,26.57,16.69,2019-11-20 10:56:47,2875.0,0,0,0
969,43.53,899.74,26.52,17.19,2019-11-20 11:12:01,2685.0,0,0,0
970,43.09,899.67,27.2,17.88,2019-11-20 11:27:15,2992.0,0,0,0
971,42.96,899.35,27.31,17.81,2019-11-20 11:42:28,2544.0,0,0,0
972,42.03,899.23,28.26,18.38,2019-11-20 11:57:42,2857.0,0,0,0
973,41.76,899.02,28.78,18.56,2019-11-20 12:12:55,2940.0,0,0,0
974,43.1,898.84,27.57,18.25,2019-11-20 12:28:09,3041.0,0,0,0
975,43.52,898.74,27.11,18.12,2019-11-20 12:43:22,2081.0,0,0,0
976,44.26,898.45,26.04,18.0,2019-11-20 12:58:36,1664.0,0,0,0
977,43.79,898.09,26.86,19.44,2019-11-20 13:13:49,1555.0,358958,217344,1
978,43.42,897.88,27.45,19.25,2019-11-20 13:29:03,1863.0,361025,242690,1
979,43.48,897.66,27.13,18.56,2019-11-20 13:44:17,1751.0,334509,196345,1
980,43.62,897.51,26.99,18.94,2019-11-20 13:59:30,1580.0,0,0,0
981,44.0,897.33,27.22,19.19,2019-11-20 14:14:44,1515.0,0,0,0
982,44.04,897.33,27.35,18.75,2019-11-20 14:29:59,1183.0,0,0,0
